<?xml version="1.0" encoding="UTF-8"?>
<project-private xmlns="http://www.netbeans.org/ns/project-private/1">
    <editor-bookmarks xmlns="http://www.netbeans.org/ns/editor-bookmarks/2" lastBookmarkId="0"/>
    <open-files xmlns="http://www.netbeans.org/ns/projectui-open-files/2">
        <group>
            <file>file:/C:/Users/jenni/Documents/NetBeansProjects/Taller_Spring_5/web/WEB-INF/jsp/index.jsp</file>
            <file>file:/C:/Users/jenni/Documents/NetBeansProjects/Taller_Spring_5/web/WEB-INF/jsp/form.jsp</file>
            <file>file:/C:/Users/jenni/Documents/NetBeansProjects/Taller_Spring_5/web/WEB-INF/jsp/prueba.jsp</file>
            <file>file:/C:/Users/jenni/Documents/NetBeansProjects/Taller_Spring_5/web/WEB-INF/jsp/exito.jsp</file>
            <file>file:/C:/Users/jenni/Documents/NetBeansProjects/Taller_Spring_5/src/java/com/manosenelcodigo/controller/FormController.java</file>
            <file>file:/C:/Users/jenni/Documents/NetBeansProjects/Taller_Spring_5/src/java/com/manosenelcodigo/modelos/Persona.java</file>
        </group>
    </open-files>
</project-private>
