<?xml version="1.0" encoding="UTF-8"?>
<project-private xmlns="http://www.netbeans.org/ns/project-private/1">
    <editor-bookmarks xmlns="http://www.netbeans.org/ns/editor-bookmarks/2" lastBookmarkId="0"/>
    <open-files xmlns="http://www.netbeans.org/ns/projectui-open-files/2">
        <group>
            <file>file:/C:/Users/jenni/Documents/NetBeansProjects/SesionesP6/web/comparar.jsp</file>
            <file>file:/C:/Users/jenni/Documents/NetBeansProjects/SesionesP6/web/estilos.css</file>
            <file>file:/C:/Users/jenni/Documents/NetBeansProjects/SesionesP6/web/index.html</file>
            <file>file:/C:/Users/jenni/Documents/NetBeansProjects/SesionesP6/web/iniciosesion.jsp</file>
            <file>file:/C:/Users/jenni/Documents/NetBeansProjects/SesionesP6/src/java/controlador/ControladorServlet.java</file>
        </group>
    </open-files>
</project-private>
