<?xml version="1.0" encoding="UTF-8"?>
<project-private xmlns="http://www.netbeans.org/ns/project-private/1">
    <editor-bookmarks xmlns="http://www.netbeans.org/ns/editor-bookmarks/2" lastBookmarkId="0"/>
    <open-files xmlns="http://www.netbeans.org/ns/projectui-open-files/2">
        <group>
            <file>file:/C:/Users/seafi/OneDrive/Documents/NetBeansProjects/DOO/src/java/controlador/ControladorServlet.java</file>
            <file>file:/C:/Users/seafi/OneDrive/Documents/NetBeansProjects/DOO/web/perdedor.jsp</file>
            <file>file:/C:/Users/seafi/OneDrive/Documents/NetBeansProjects/DOO/src/java/controlador/AciertaControlador.java</file>
            <file>file:/C:/Users/seafi/OneDrive/Documents/NetBeansProjects/DOO/web/game.html</file>
            <file>file:/C:/Users/seafi/OneDrive/Documents/NetBeansProjects/DOO/web/iniciosesion.jsp</file>
            <file>file:/C:/Users/seafi/OneDrive/Documents/NetBeansProjects/DOO/web/comparar.jsp</file>
            <file>file:/C:/Users/seafi/OneDrive/Documents/NetBeansProjects/DOO/web/index.html</file>
        </group>
    </open-files>
</project-private>
